"the_geom","NAME","URL","SHAPE_LEN"
"MULTILINESTRING ((-73.80299533440522 40.665193413204335, -73.80266385637762 40.66593709362183))","JFK AirTrain","http://www.panynj.gov/Airtrain/","0"
"MULTILINESTRING ((-73.80266385637762 40.66593709362183, -73.80247129181305 40.666292267882525))","JFK AirTrain","http://www.panynj.gov/Airtrain/","0"
"MULTILINESTRING ((-73.80247129181305 40.666292267882525, -73.80244710822541 40.66633943691768))","JFK AirTrain","http://www.panynj.gov/Airtrain/","0"
"MULTILINESTRING ((-73.80244710822541 40.66633943691768, -73.80242065437774 40.666398843691546))","JFK AirTrain","http://www.panynj.gov/Airtrain/","0"
"MULTILINESTRING ((-73.80242065437774 40.666398843691546, -73.80218172940586 40.66677869486238))","JFK AirTrain","http://www.panynj.gov/Airtrain/","0"
"MULTILINESTRING ((-73.80218172940586 40.66677869486238, -73.80175542191019 40.6674770025447))","JFK AirTrain","http://www.panynj.gov/Airtrain/","0"
"MULTILINESTRING ((-73.80175542191019 40.6674770025447, -73.80158744284168 40.667779956981484))","JFK AirTrain","http://www.panynj.gov/Airtrain/","0"
"MULTILINESTRING ((-73.80158744284168 40.667779956981484, -73.80136002496982 40.66839565928423))","JFK AirTrain","http://www.panynj.gov/Airtrain/","0"
"MULTILINESTRING ((-73.80136002496982 40.66839565928423, -73.80123038484618 40.668980815216955))","JFK AirTrain","http://www.panynj.gov/Airtrain/","0"
"MULTILINESTRING ((-73.80123038484618 40.668980815216955, -73.80120591280391 40.66910033558745))","JFK AirTrain","http://www.panynj.gov/Airtrain/","0"
"MULTILINESTRING ((-73.80120591280391 40.66910033558745, -73.80115999118334 40.66980042322962))","JFK AirTrain","http://www.panynj.gov/Airtrain/","0"
"MULTILINESTRING ((-73.80115999118334 40.66980042322962, -73.80113234663895 40.67054868586875))","JFK AirTrain","http://www.panynj.gov/Airtrain/","0"
"MULTILINESTRING ((-73.80113234663895 40.67054868586875, -73.80113430381901 40.671294474556255))","JFK AirTrain","http://www.panynj.gov/Airtrain/","0"
"MULTILINESTRING ((-73.80113430381901 40.671294474556255, -73.80113696076215 40.6713585419714))","JFK AirTrain","http://www.panynj.gov/Airtrain/","0"
"MULTILINESTRING ((-73.80114237962266 40.67148796832374, -73.80115536654851 40.67179913850264))","JFK AirTrain","http://www.panynj.gov/Airtrain/","0"
"MULTILINESTRING ((-73.80115536654851 40.67179913850264, -73.8011593382905 40.67189389602274))","JFK AirTrain","http://www.panynj.gov/Airtrain/","0"
"MULTILINESTRING ((-73.80168193190397 40.67438387676329, -73.80202520221222 40.67511427772127))","JFK AirTrain","http://www.panynj.gov/Airtrain/","0"
"MULTILINESTRING ((-73.80202520221222 40.67511427772127, -73.80238904432996 40.67588849245096))","JFK AirTrain","http://www.panynj.gov/Airtrain/","0"
"MULTILINESTRING ((-73.80238904432996 40.67588849245096, -73.80267767208714 40.67649797237269))","JFK AirTrain","http://www.panynj.gov/Airtrain/","0"
"MULTILINESTRING ((-73.80267767208714 40.67649797237269, -73.80296634178686 40.6771074515881))","JFK AirTrain","http://www.panynj.gov/Airtrain/","0"
"MULTILINESTRING ((-73.80296634178686 40.6771074515881, -73.80323028207582 40.67768106877733))","JFK AirTrain","http://www.panynj.gov/Airtrain/","0"
"MULTILINESTRING ((-73.80113696076215 40.6713585419714, -73.80114237962266 40.67148796832374))","JFK AirTrain","http://www.panynj.gov/Airtrain/","0"
"MULTILINESTRING ((-73.81063310607196 40.691948192932294, -73.81102158186596 40.69262289314613))","JFK AirTrain","http://www.panynj.gov/Airtrain/","0"
"MULTILINESTRING ((-73.81102158186596 40.69262289314613, -73.8113979149031 40.693322330837205))","JFK AirTrain","http://www.panynj.gov/Airtrain/","0"
"MULTILINESTRING ((-73.8113979149031 40.693322330837205, -73.81169455432038 40.693857937661875))","JFK AirTrain","http://www.panynj.gov/Airtrain/","0"
"MULTILINESTRING ((-73.81169455432038 40.693857937661875, -73.8117698989411 40.693993926996995))","JFK AirTrain","http://www.panynj.gov/Airtrain/","0"
"MULTILINESTRING ((-73.80323028207582 40.67768106877733, -73.80410224700154 40.6794245586153))","JFK AirTrain","http://www.panynj.gov/Airtrain/","0"
"MULTILINESTRING ((-73.80437255635474 40.680008888274166, -73.80464518055166 40.6805799088427))","JFK AirTrain","http://www.panynj.gov/Airtrain/","0"
"MULTILINESTRING ((-73.80464518055166 40.6805799088427, -73.80492974063084 40.681176997291885))","JFK AirTrain","http://www.panynj.gov/Airtrain/","0"
"MULTILINESTRING ((-73.80492974063084 40.681176997291885, -73.80522681672454 40.681798176974354))","JFK AirTrain","http://www.panynj.gov/Airtrain/","0"
"MULTILINESTRING ((-73.80522681672454 40.681798176974354, -73.80551809078185 40.68240823095417))","JFK AirTrain","http://www.panynj.gov/Airtrain/","0"
"MULTILINESTRING ((-73.80551809078185 40.68240823095417, -73.80576840859305 40.68293241202885))","JFK AirTrain","http://www.panynj.gov/Airtrain/","0"
"MULTILINESTRING ((-73.80576840859305 40.68293241202885, -73.80606203795455 40.68355438053325))","JFK AirTrain","http://www.panynj.gov/Airtrain/","0"
"MULTILINESTRING ((-73.80606203795455 40.68355438053325, -73.80660609551451 40.684681149328895))","JFK AirTrain","http://www.panynj.gov/Airtrain/","0"
"MULTILINESTRING ((-73.80660609551451 40.684681149328895, -73.80709061526392 40.68563033829555))","JFK AirTrain","http://www.panynj.gov/Airtrain/","0"
"MULTILINESTRING ((-73.80709061526392 40.68563033829555, -73.8072592790418 40.685983050419544))","JFK AirTrain","http://www.panynj.gov/Airtrain/","0"
"MULTILINESTRING ((-73.8072592790418 40.685983050419544, -73.80787469671269 40.68709834897775))","JFK AirTrain","http://www.panynj.gov/Airtrain/","0"
"MULTILINESTRING ((-73.80787469671269 40.68709834897775, -73.80807343501054 40.68745283992893))","JFK AirTrain","http://www.panynj.gov/Airtrain/","0"
"MULTILINESTRING ((-73.80807343501054 40.68745283992893, -73.80861232044624 40.688394784356355))","JFK AirTrain","http://www.panynj.gov/Airtrain/","0"
"MULTILINESTRING ((-73.80900113567716 40.68907498186608, -73.80954788514329 40.69003757544224))","JFK AirTrain","http://www.panynj.gov/Airtrain/","0"
"MULTILINESTRING ((-73.80954788514329 40.69003757544224, -73.80972326081304 40.69034635058188))","JFK AirTrain","http://www.panynj.gov/Airtrain/","0"
"MULTILINESTRING ((-73.80972326081304 40.69034635058188, -73.80995600992914 40.69075611843327))","JFK AirTrain","http://www.panynj.gov/Airtrain/","0"
"MULTILINESTRING ((-73.80995600992914 40.69075611843327, -73.81024426875346 40.6912636093875))","JFK AirTrain","http://www.panynj.gov/Airtrain/","0"
"MULTILINESTRING ((-73.81024426875346 40.6912636093875, -73.81063310607196 40.691948192932294))","JFK AirTrain","http://www.panynj.gov/Airtrain/","0"
"MULTILINESTRING ((-73.8117698989411 40.693993926996995, -73.81202952457107 40.694447651585655))","JFK AirTrain","http://www.panynj.gov/Airtrain/","0"
"MULTILINESTRING ((-73.81209134294431 40.694559628891255, -73.81224188957657 40.69483223888906))","JFK AirTrain","http://www.panynj.gov/Airtrain/","0"
"MULTILINESTRING ((-73.81224188957657 40.69483223888906, -73.81245207468079 40.695198130241856))","JFK AirTrain","http://www.panynj.gov/Airtrain/","0"
"MULTILINESTRING ((-73.81245207468079 40.695198130241856, -73.81299801351709 40.696112068406194))","JFK AirTrain","http://www.panynj.gov/Airtrain/","0"
"MULTILINESTRING ((-73.81299801351709 40.696112068406194, -73.81309514304701 40.69639062836684))","JFK AirTrain","http://www.panynj.gov/Airtrain/","0"
"MULTILINESTRING ((-73.81309514304701 40.69639062836684, -73.81310153575663 40.69651593724237, -73.81310130484776 40.69659830783212, -73.81309431851574 40.69667166410637, -73.8130805929758 40.69674371989786, -73.8130653315093 40.69679768455758, -73.81303677687568 40.696885087138014))","JFK AirTrain","http://www.panynj.gov/Airtrain/","0"
"MULTILINESTRING ((-73.81303677687568 40.696885087138014, -73.81299485992642 40.69695377512001, -73.8129599740342 40.69700995916263, -73.81292513074146 40.69706359030506, -73.81288806800863 40.69711123390976, -73.81283304436215 40.697172490188755, -73.81274803954206 40.697250852466944))","JFK AirTrain","http://www.panynj.gov/Airtrain/","0"
"MULTILINESTRING ((-73.81274803954206 40.697250852466944, -73.81261184679 40.69736042152716, -73.81253162783639 40.69741675134546, -73.81242787024878 40.69746944609333, -73.81233944038192 40.69750874447348, -73.81223452755535 40.69754889389774, -73.81155742491218 40.69775798264217))","JFK AirTrain","http://www.panynj.gov/Airtrain/","0"
"MULTILINESTRING ((-73.8034811250743 40.660715358043596, -73.80345587663616 40.66057461696533))","JFK AirTrain","http://www.panynj.gov/Airtrain/","0"
"MULTILINESTRING ((-73.80517906853902 40.657958747900146, -73.8053417224514 40.65788584711073))","JFK AirTrain","http://www.panynj.gov/Airtrain/","0"
"MULTILINESTRING ((-73.8053417224514 40.65788584711073, -73.80552744527934 40.65777466801584))","JFK AirTrain","http://www.panynj.gov/Airtrain/","0"
"MULTILINESTRING ((-73.80531631009879 40.65802274151226, -73.80553340654404 40.65788120318073))","JFK AirTrain","http://www.panynj.gov/Airtrain/","0"
"MULTILINESTRING ((-73.80553340654404 40.65788120318073, -73.80586712413073 40.65750732302075))","JFK AirTrain","http://www.panynj.gov/Airtrain/","0"
"MULTILINESTRING ((-73.80552744527934 40.65777466801584, -73.8058111300227 40.6574901285473))","JFK AirTrain","http://www.panynj.gov/Airtrain/","0"
"MULTILINESTRING ((-73.80586712413073 40.65750732302075, -73.80589426281612 40.65744558331493))","JFK AirTrain","http://www.panynj.gov/Airtrain/","0"
"MULTILINESTRING ((-73.8058111300227 40.6574901285473, -73.80589426281612 40.65744558331493))","JFK AirTrain","http://www.panynj.gov/Airtrain/","0"
"MULTILINESTRING ((-73.80589426281612 40.65744558331493, -73.80656570721631 40.65665382818279))","JFK AirTrain","http://www.panynj.gov/Airtrain/","0"
"MULTILINESTRING ((-73.80656570721631 40.65665382818279, -73.80673577822411 40.65637046768012))","JFK AirTrain","http://www.panynj.gov/Airtrain/","0"
"MULTILINESTRING ((-73.80673577822411 40.65637046768012, -73.80689874312574 40.65602602358603))","JFK AirTrain","http://www.panynj.gov/Airtrain/","0"
"MULTILINESTRING ((-73.80689874312574 40.65602602358603, -73.8069949381067 40.655726453562046))","JFK AirTrain","http://www.panynj.gov/Airtrain/","0"
"MULTILINESTRING ((-73.80359711576239 40.660579414832185, -73.80368730442368 40.6611278396679))","JFK AirTrain","http://www.panynj.gov/Airtrain/","0"
"MULTILINESTRING ((-73.80368730442368 40.6611278396679, -73.80377488026306 40.66127818389339))","JFK AirTrain","http://www.panynj.gov/Airtrain/","0"
"MULTILINESTRING ((-73.80377488026306 40.66127818389339, -73.80389318073217 40.66138683239111))","JFK AirTrain","http://www.panynj.gov/Airtrain/","0"
"MULTILINESTRING ((-73.80389318073217 40.66138683239111, -73.80405069143686 40.66148525373698))","JFK AirTrain","http://www.panynj.gov/Airtrain/","0"
"MULTILINESTRING ((-73.80405069143686 40.66148525373698, -73.80424649388628 40.6615544263543))","JFK AirTrain","http://www.panynj.gov/Airtrain/","0"
"MULTILINESTRING ((-73.80356720570317 40.66150765079487, -73.803574703728 40.66127487773796))","JFK AirTrain","http://www.panynj.gov/Airtrain/","0"
"MULTILINESTRING ((-73.8034811250743 40.660715358043596, -73.803574703728 40.66127487773796))","JFK AirTrain","http://www.panynj.gov/Airtrain/","0"
"MULTILINESTRING ((-73.803574703728 40.66127487773796, -73.80371969336673 40.66145114870291))","JFK AirTrain","http://www.panynj.gov/Airtrain/","0"
"MULTILINESTRING ((-73.80371969336673 40.66145114870291, -73.80384592498672 40.6615470468292))","JFK AirTrain","http://www.panynj.gov/Airtrain/","0"
"MULTILINESTRING ((-73.80384592498672 40.6615470468292, -73.80403198883818 40.66163083302885))","JFK AirTrain","http://www.panynj.gov/Airtrain/","0"
"MULTILINESTRING ((-73.79823863958512 40.645286907466776, -73.79783969076688 40.645193597334405))","JFK AirTrain","http://www.panynj.gov/Airtrain/","0"
"MULTILINESTRING ((-73.79783969076688 40.645193597334405, -73.79713702942635 40.6450798237509))","JFK AirTrain","http://www.panynj.gov/Airtrain/","0"
"MULTILINESTRING ((-73.79713702942635 40.6450798237509, -73.79680543535638 40.64504451607326))","JFK AirTrain","http://www.panynj.gov/Airtrain/","0"
"MULTILINESTRING ((-73.79664110658818 40.645047684504796, -73.79457953440394 40.645087497648))","JFK AirTrain","http://www.panynj.gov/Airtrain/","0"
"MULTILINESTRING ((-73.79457953440394 40.645087497648, -73.7937298377491 40.64514361726376))","JFK AirTrain","http://www.panynj.gov/Airtrain/","0"
"MULTILINESTRING ((-73.7937298377491 40.64514361726376, -73.79338691897499 40.645204979108))","JFK AirTrain","http://www.panynj.gov/Airtrain/","0"
"MULTILINESTRING ((-73.79338691897499 40.645204979108, -73.7916797225631 40.64543638761957))","JFK AirTrain","http://www.panynj.gov/Airtrain/","0"
"MULTILINESTRING ((-73.79338691897499 40.645204979108, -73.79269966304771 40.645226909116566))","JFK AirTrain","http://www.panynj.gov/Airtrain/","0"
"MULTILINESTRING ((-73.79269966304771 40.645226909116566, -73.79210131508579 40.64526903146113))","JFK AirTrain","http://www.panynj.gov/Airtrain/","0"
"MULTILINESTRING ((-73.79210131508579 40.64526903146113, -73.79138694517899 40.64539921381531))","JFK AirTrain","http://www.panynj.gov/Airtrain/","0"
"MULTILINESTRING ((-73.7916797225631 40.64543638761957, -73.79126651312208 40.64551548392448))","JFK AirTrain","http://www.panynj.gov/Airtrain/","0"
"MULTILINESTRING ((-73.7937298377491 40.64514361726376, -73.79167884370626 40.64523318897107))","JFK AirTrain","http://www.panynj.gov/Airtrain/","0"
"MULTILINESTRING ((-73.791575100158 40.64529072346376, -73.79210131508579 40.64526903146113))","JFK AirTrain","http://www.panynj.gov/Airtrain/","0"
"MULTILINESTRING ((-73.79138694517899 40.64539921381531, -73.79115399685777 40.64545088702677))","JFK AirTrain","http://www.panynj.gov/Airtrain/","0"
"MULTILINESTRING ((-73.79126651312208 40.64551548392448, -73.7911953810665 40.64554966462745))","JFK AirTrain","http://www.panynj.gov/Airtrain/","0"
"MULTILINESTRING ((-73.7911953810665 40.64554966462745, -73.79092169221003 40.64566488786764))","JFK AirTrain","http://www.panynj.gov/Airtrain/","0"
"MULTILINESTRING ((-73.79115399685777 40.64545088702677, -73.79087908479178 40.64555438767006))","JFK AirTrain","http://www.panynj.gov/Airtrain/","0"
"MULTILINESTRING ((-73.79092169221003 40.64566488786764, -73.7906406111547 40.64583919275805))","JFK AirTrain","http://www.panynj.gov/Airtrain/","0"
"MULTILINESTRING ((-73.79087908479178 40.64555438767006, -73.79062491800276 40.645707276654115))","JFK AirTrain","http://www.panynj.gov/Airtrain/","0"
"MULTILINESTRING ((-73.7906406111547 40.64583919275805, -73.7899851534983 40.64630076883364))","JFK AirTrain","http://www.panynj.gov/Airtrain/","0"
"MULTILINESTRING ((-73.79062491800276 40.645707276654115, -73.79016564659791 40.64613166266953))","JFK AirTrain","http://www.panynj.gov/Airtrain/","0"
"MULTILINESTRING ((-73.79016564659791 40.64613166266953, -73.78989878512998 40.64628617393456))","JFK AirTrain","http://www.panynj.gov/Airtrain/","0"
"MULTILINESTRING ((-73.7899851534983 40.64630076883364, -73.78957617794717 40.646497427049596))","JFK AirTrain","http://www.panynj.gov/Airtrain/","0"
"MULTILINESTRING ((-73.78989878512998 40.64628617393456, -73.78942046896363 40.64643983111781))","JFK AirTrain","http://www.panynj.gov/Airtrain/","0"
"MULTILINESTRING ((-73.78942046896363 40.64643983111781, -73.78712814165436 40.64738536372339))","JFK AirTrain","http://www.panynj.gov/Airtrain/","0"
"MULTILINESTRING ((-73.78957617794717 40.646497427049596, -73.78713155054689 40.647514210193734))","JFK AirTrain","http://www.panynj.gov/Airtrain/","0"
"MULTILINESTRING ((-73.80424869808088 40.6582976041093, -73.80436969398029 40.65825976663708))","JFK AirTrain","http://www.panynj.gov/Airtrain/","0"
"MULTILINESTRING ((-73.80436969398029 40.65825976663708, -73.80454270255093 40.658195997839286))","JFK AirTrain","http://www.panynj.gov/Airtrain/","0"
"MULTILINESTRING ((-73.80462925343615 40.658289878992804, -73.80473508717348 40.65824806390543))","JFK AirTrain","http://www.panynj.gov/Airtrain/","0"
"MULTILINESTRING ((-73.80473508717348 40.65824806390543, -73.80488071037152 40.658193991721866))","JFK AirTrain","http://www.panynj.gov/Airtrain/","0"
"MULTILINESTRING ((-73.80454270255093 40.658195997839286, -73.80517906853902 40.657958747900146))","JFK AirTrain","http://www.panynj.gov/Airtrain/","0"
"MULTILINESTRING ((-73.80488071037152 40.658193991721866, -73.80531631009879 40.65802274151226))","JFK AirTrain","http://www.panynj.gov/Airtrain/","0"
"MULTILINESTRING ((-73.8069949381067 40.655726453562046, -73.80705062302067 40.65531458199562))","JFK AirTrain","http://www.panynj.gov/Airtrain/","0"
"MULTILINESTRING ((-73.80705062302067 40.65531458199562, -73.80703693787598 40.655024243362156))","JFK AirTrain","http://www.panynj.gov/Airtrain/","0"
"MULTILINESTRING ((-73.80703693787598 40.655024243362156, -73.80694811151626 40.65450914409866))","JFK AirTrain","http://www.panynj.gov/Airtrain/","0"
"MULTILINESTRING ((-73.80680257461741 40.65401374020224, -73.80650586470856 40.6533287737862))","JFK AirTrain","http://www.panynj.gov/Airtrain/","0"
"MULTILINESTRING ((-73.80650586470856 40.6533287737862, -73.8062847314365 40.65291747924339))","JFK AirTrain","http://www.panynj.gov/Airtrain/","0"
"MULTILINESTRING ((-73.8062847314365 40.65291747924339, -73.80514239669195 40.651178289802495))","JFK AirTrain","http://www.panynj.gov/Airtrain/","0"
"MULTILINESTRING ((-73.80514239669195 40.651178289802495, -73.80417887917118 40.64991366633759))","JFK AirTrain","http://www.panynj.gov/Airtrain/","0"
"MULTILINESTRING ((-73.80417887917118 40.64991366633759, -73.80344270055613 40.6489849732491))","JFK AirTrain","http://www.panynj.gov/Airtrain/","0"
"MULTILINESTRING ((-73.80694811151626 40.65450914409866, -73.80680257461741 40.65401374020224))","JFK AirTrain","http://www.panynj.gov/Airtrain/","0"
"MULTILINESTRING ((-73.80344270055613 40.6489849732491, -73.80231272571123 40.64779256619268))","JFK AirTrain","http://www.panynj.gov/Airtrain/","0"
"MULTILINESTRING ((-73.80231272571123 40.64779256619268, -73.80105472855152 40.64664537926648))","JFK AirTrain","http://www.panynj.gov/Airtrain/","0"
"MULTILINESTRING ((-73.80105472855152 40.64664537926648, -73.8005689646107 40.64628412001431))","JFK AirTrain","http://www.panynj.gov/Airtrain/","0"
"MULTILINESTRING ((-73.8005689646107 40.64628412001431, -73.79991081846165 40.645897113793865))","JFK AirTrain","http://www.panynj.gov/Airtrain/","0"
"MULTILINESTRING ((-73.79991081846165 40.645897113793865, -73.79876261768003 40.64542086572639))","JFK AirTrain","http://www.panynj.gov/Airtrain/","0"
"MULTILINESTRING ((-73.803574703728 40.66127487773796, -73.80359711576239 40.660579414832185))","JFK AirTrain","http://www.panynj.gov/Airtrain/","0"
"MULTILINESTRING ((-73.80344719427706 40.660768961077544, -73.80345587663616 40.66057461696533))","JFK AirTrain","http://www.panynj.gov/Airtrain/","0"
"MULTILINESTRING ((-73.81075235156554 40.698098934602896, -73.81001488663209 40.69837774179272))","JFK AirTrain","http://www.panynj.gov/Airtrain/","0"
"MULTILINESTRING ((-73.81001488663209 40.69837774179272, -73.80926926612261 40.69868161727206))","JFK AirTrain","http://www.panynj.gov/Airtrain/","0"
"MULTILINESTRING ((-73.80921489416366 40.698563557070685, -73.80995658503234 40.69825940079534))","JFK AirTrain","http://www.panynj.gov/Airtrain/","0"
"MULTILINESTRING ((-73.80995658503234 40.69825940079534, -73.8106901333809 40.69798780605821))","JFK AirTrain","http://www.panynj.gov/Airtrain/","0"
"MULTILINESTRING ((-73.8106901333809 40.69798780605821, -73.81155742491218 40.69775798264217))","JFK AirTrain","http://www.panynj.gov/Airtrain/","0"
"MULTILINESTRING ((-73.81155742491218 40.69775798264217, -73.81075235156554 40.698098934602896))","JFK AirTrain","http://www.panynj.gov/Airtrain/","0"
"MULTILINESTRING ((-73.80299533440522 40.665193413204335, -73.80320920833768 40.66457801480203))","JFK AirTrain","http://www.panynj.gov/Airtrain/","0"
"MULTILINESTRING ((-73.80320920833768 40.66457801480203, -73.80323409266597 40.66450015983593))","JFK AirTrain","http://www.panynj.gov/Airtrain/","0"
"MULTILINESTRING ((-73.80323409266597 40.66450015983593, -73.80331966579264 40.6641942353138))","JFK AirTrain","http://www.panynj.gov/Airtrain/","0"
"MULTILINESTRING ((-73.80331966579264 40.6641942353138, -73.80347132907113 40.66326933707437))","JFK AirTrain","http://www.panynj.gov/Airtrain/","0"
"MULTILINESTRING ((-73.80347132907113 40.66326933707437, -73.80348579737066 40.66295878919568))","JFK AirTrain","http://www.panynj.gov/Airtrain/","0"
"MULTILINESTRING ((-73.80348579737066 40.66295878919568, -73.80353271035426 40.66273209536886))","JFK AirTrain","http://www.panynj.gov/Airtrain/","0"
"MULTILINESTRING ((-73.80348579737066 40.66295878919568, -73.80344551068956 40.6627345543062))","JFK AirTrain","http://www.panynj.gov/Airtrain/","0"
"MULTILINESTRING ((-73.80353271035426 40.66273209536886, -73.80355615924928 40.661819384258315))","JFK AirTrain","http://www.panynj.gov/Airtrain/","0"
"MULTILINESTRING ((-73.80344551068956 40.6627345543062, -73.80341657898568 40.66187437100658))","JFK AirTrain","http://www.panynj.gov/Airtrain/","0"
"MULTILINESTRING ((-73.80341657898568 40.66187437100658, -73.8034255071901 40.661560162914554))","JFK AirTrain","http://www.panynj.gov/Airtrain/","0"
"MULTILINESTRING ((-73.80355615924928 40.661819384258315, -73.80356720570317 40.66150765079487))","JFK AirTrain","http://www.panynj.gov/Airtrain/","0"
"MULTILINESTRING ((-73.8034255071901 40.661560162914554, -73.80344719427706 40.660768961077544))","JFK AirTrain","http://www.panynj.gov/Airtrain/","0"
"MULTILINESTRING ((-73.80359711576239 40.660579414832185, -73.80364112021319 40.659099281145245))","JFK AirTrain","http://www.panynj.gov/Airtrain/","0"
"MULTILINESTRING ((-73.80345587663616 40.66057461696533, -73.80349150661966 40.659099574961616))","JFK AirTrain","http://www.panynj.gov/Airtrain/","0"
"MULTILINESTRING ((-73.80349150661966 40.659099574961616, -73.80354348210889 40.65892767544876))","JFK AirTrain","http://www.panynj.gov/Airtrain/","0"
"MULTILINESTRING ((-73.80364112021319 40.659099281145245, -73.8037011938215 40.65889415633392))","JFK AirTrain","http://www.panynj.gov/Airtrain/","0"
"MULTILINESTRING ((-73.8037011938215 40.65889415633392, -73.80385640121413 40.65867069349056))","JFK AirTrain","http://www.panynj.gov/Airtrain/","0"
"MULTILINESTRING ((-73.80354348210889 40.65892767544876, -73.80361448079557 40.658757921907544))","JFK AirTrain","http://www.panynj.gov/Airtrain/","0"
"MULTILINESTRING ((-73.80361448079557 40.658757921907544, -73.8037735832039 40.658570257846606))","JFK AirTrain","http://www.panynj.gov/Airtrain/","0"
"MULTILINESTRING ((-73.8037735832039 40.658570257846606, -73.80396702753788 40.658433292776884))","JFK AirTrain","http://www.panynj.gov/Airtrain/","0"
"MULTILINESTRING ((-73.80385640121413 40.65867069349056, -73.80407782212326 40.65849425126405))","JFK AirTrain","http://www.panynj.gov/Airtrain/","0"
"MULTILINESTRING ((-73.80396702753788 40.658433292776884, -73.80424869808088 40.6582976041093))","JFK AirTrain","http://www.panynj.gov/Airtrain/","0"
"MULTILINESTRING ((-73.80407782212326 40.65849425126405, -73.80462925343615 40.658289878992804))","JFK AirTrain","http://www.panynj.gov/Airtrain/","0"
"MULTILINESTRING ((-73.77901327799465 40.64559565838047, -73.77912293038659 40.64545478623595))","JFK AirTrain","http://www.panynj.gov/Airtrain/","0"
"MULTILINESTRING ((-73.77899670140522 40.64539975783967, -73.77916537683004 40.64524903570092))","JFK AirTrain","http://www.panynj.gov/Airtrain/","0"
"MULTILINESTRING ((-73.77912293038659 40.64545478623595, -73.7792996375864 40.645327026399684))","JFK AirTrain","http://www.panynj.gov/Airtrain/","0"
"MULTILINESTRING ((-73.77916537683004 40.64524903570092, -73.77937749004622 40.6451367966652))","JFK AirTrain","http://www.panynj.gov/Airtrain/","0"
"MULTILINESTRING ((-73.7792996375864 40.645327026399684, -73.77956580869719 40.645202044817545))","JFK AirTrain","http://www.panynj.gov/Airtrain/","0"
"MULTILINESTRING ((-73.77937749004622 40.6451367966652, -73.77944028705441 40.64510760246382))","JFK AirTrain","http://www.panynj.gov/Airtrain/","0"
"MULTILINESTRING ((-73.77944028705441 40.64510760246382, -73.78468021478325 40.64288176182356))","JFK AirTrain","http://www.panynj.gov/Airtrain/","0"
"MULTILINESTRING ((-73.77956580869719 40.645202044817545, -73.78460058111733 40.643060161682065))","JFK AirTrain","http://www.panynj.gov/Airtrain/","0"
"MULTILINESTRING ((-73.78460058111733 40.643060161682065, -73.78487133363683 40.64290534034563))","JFK AirTrain","http://www.panynj.gov/Airtrain/","0"
"MULTILINESTRING ((-73.78487133363683 40.64290534034563, -73.7851306913789 40.642674713739424))","JFK AirTrain","http://www.panynj.gov/Airtrain/","0"
"MULTILINESTRING ((-73.78468021478325 40.64288176182356, -73.78493820083683 40.64272990885504))","JFK AirTrain","http://www.panynj.gov/Airtrain/","0"
"MULTILINESTRING ((-73.78493820083683 40.64272990885504, -73.78517763362174 40.64252070879345))","JFK AirTrain","http://www.panynj.gov/Airtrain/","0"
"MULTILINESTRING ((-73.7851306913789 40.642674713739424, -73.78561005682765 40.64208835977516))","JFK AirTrain","http://www.panynj.gov/Airtrain/","0"
"MULTILINESTRING ((-73.78517763362174 40.64252070879345, -73.78555384698966 40.64204277415434))","JFK AirTrain","http://www.panynj.gov/Airtrain/","0"
"MULTILINESTRING ((-73.7862250116152 40.6479450531412, -73.78607498390079 40.64802621183356))","JFK AirTrain","http://www.panynj.gov/Airtrain/","0"
"MULTILINESTRING ((-73.78462301036068 40.64837991341437, -73.78419145094111 40.64835261740571))","JFK AirTrain","http://www.panynj.gov/Airtrain/","0"
"MULTILINESTRING ((-73.78459558640456 40.64848037633988, -73.78352048174817 40.64833098931899))","JFK AirTrain","http://www.panynj.gov/Airtrain/","0"
"MULTILINESTRING ((-73.78419145094111 40.64835261740571, -73.78376508362953 40.64825775178396))","JFK AirTrain","http://www.panynj.gov/Airtrain/","0"
"MULTILINESTRING ((-73.78376508362953 40.64825775178396, -73.78198258198988 40.647933328460375))","JFK AirTrain","http://www.panynj.gov/Airtrain/","0"
"MULTILINESTRING ((-73.78198258198988 40.647933328460375, -73.78171530644039 40.64784284776879))","JFK AirTrain","http://www.panynj.gov/Airtrain/","0"
"MULTILINESTRING ((-73.78352048174817 40.64833098931899, -73.78195278402917 40.64804202062703))","JFK AirTrain","http://www.panynj.gov/Airtrain/","0"
"MULTILINESTRING ((-73.78195278402917 40.64804202062703, -73.78175032532275 40.64797751863545))","JFK AirTrain","http://www.panynj.gov/Airtrain/","0"
"MULTILINESTRING ((-73.78175032532275 40.64797751863545, -73.78145755504023 40.64784872584273))","JFK AirTrain","http://www.panynj.gov/Airtrain/","0"
"MULTILINESTRING ((-73.78171530644039 40.64784284776879, -73.78148303550668 40.64772682306549))","JFK AirTrain","http://www.panynj.gov/Airtrain/","0"
"MULTILINESTRING ((-73.78148303550668 40.64772682306549, -73.78137003274146 40.647658373155195))","JFK AirTrain","http://www.panynj.gov/Airtrain/","0"
"MULTILINESTRING ((-73.78145755504023 40.64784872584273, -73.78127132550253 40.6477254597565))","JFK AirTrain","http://www.panynj.gov/Airtrain/","0"
"MULTILINESTRING ((-73.78127132550253 40.6477254597565, -73.78118431504983 40.6476762996173))","JFK AirTrain","http://www.panynj.gov/Airtrain/","0"
"MULTILINESTRING ((-73.78137003274146 40.647658373155195, -73.78128232568712 40.64760207513995))","JFK AirTrain","http://www.panynj.gov/Airtrain/","0"
"MULTILINESTRING ((-73.78128232568712 40.64760207513995, -73.78122249238467 40.64756202414678))","JFK AirTrain","http://www.panynj.gov/Airtrain/","0"
"MULTILINESTRING ((-73.78118431504983 40.6476762996173, -73.78115232044583 40.64765268832459))","JFK AirTrain","http://www.panynj.gov/Airtrain/","0"
"MULTILINESTRING ((-73.78122249238467 40.64756202414678, -73.77916261410729 40.64629057006357))","JFK AirTrain","http://www.panynj.gov/Airtrain/","0"
"MULTILINESTRING ((-73.78115232044583 40.64765268832459, -73.77909467506402 40.646370203208576))","JFK AirTrain","http://www.panynj.gov/Airtrain/","0"
"MULTILINESTRING ((-73.77909467506402 40.646370203208576, -73.77894432423064 40.64622117349305))","JFK AirTrain","http://www.panynj.gov/Airtrain/","0"
"MULTILINESTRING ((-73.77916261410729 40.64629057006357, -73.77905104292417 40.64615042564223))","JFK AirTrain","http://www.panynj.gov/Airtrain/","0"
"MULTILINESTRING ((-73.77894432423064 40.64622117349305, -73.77884954145632 40.64602833475018))","JFK AirTrain","http://www.panynj.gov/Airtrain/","0"
"MULTILINESTRING ((-73.77905104292417 40.64615042564223, -73.77896517805206 40.64595249817376))","JFK AirTrain","http://www.panynj.gov/Airtrain/","0"
"MULTILINESTRING ((-73.77884954145632 40.64602833475018, -73.778827795945 40.64579405216142))","JFK AirTrain","http://www.panynj.gov/Airtrain/","0"
"MULTILINESTRING ((-73.77896517805206 40.64595249817376, -73.77895060843018 40.64575997844449))","JFK AirTrain","http://www.panynj.gov/Airtrain/","0"
"MULTILINESTRING ((-73.778827795945 40.64579405216142, -73.77885478894949 40.64561901400591))","JFK AirTrain","http://www.panynj.gov/Airtrain/","0"
"MULTILINESTRING ((-73.77895060843018 40.64575997844449, -73.77901327799465 40.64559565838047))","JFK AirTrain","http://www.panynj.gov/Airtrain/","0"
"MULTILINESTRING ((-73.77885478894949 40.64561901400591, -73.77899670140522 40.64539975783967))","JFK AirTrain","http://www.panynj.gov/Airtrain/","0"
"MULTILINESTRING ((-73.79876261768003 40.64542086572639, -73.79858032141051 40.645371551977945))","JFK AirTrain","http://www.panynj.gov/Airtrain/","0"
"MULTILINESTRING ((-73.79858032141051 40.645371551977945, -73.79823863958512 40.645286907466776))","JFK AirTrain","http://www.panynj.gov/Airtrain/","0"
"MULTILINESTRING ((-73.78712814165436 40.64738536372339, -73.78668917986353 40.64764601919273))","JFK AirTrain","http://www.panynj.gov/Airtrain/","0"
"MULTILINESTRING ((-73.78713155054689 40.647514210193734, -73.78668549242639 40.64771734887986))","JFK AirTrain","http://www.panynj.gov/Airtrain/","0"
"MULTILINESTRING ((-73.78668917986353 40.64764601919273, -73.7862250116152 40.6479450531412))","JFK AirTrain","http://www.panynj.gov/Airtrain/","0"
"MULTILINESTRING ((-73.78668549242639 40.64771734887986, -73.78618500327207 40.64802603280728))","JFK AirTrain","http://www.panynj.gov/Airtrain/","0"
"MULTILINESTRING ((-73.78607498390079 40.64802621183356, -73.7859980919914 40.64806784482267))","JFK AirTrain","http://www.panynj.gov/Airtrain/","0"
"MULTILINESTRING ((-73.78601295539269 40.64813028934916, -73.78595225996752 40.648167038302404))","JFK AirTrain","http://www.panynj.gov/Airtrain/","0"
"MULTILINESTRING ((-73.78595225996752 40.648167038302404, -73.78586241723038 40.64821298400236))","JFK AirTrain","http://www.panynj.gov/Airtrain/","0"
"MULTILINESTRING ((-73.7859980919914 40.64806784482267, -73.78589279601957 40.64812323076257))","JFK AirTrain","http://www.panynj.gov/Airtrain/","0"
"MULTILINESTRING ((-73.78589279601957 40.64812323076257, -73.78555902852108 40.648267972710755))","JFK AirTrain","http://www.panynj.gov/Airtrain/","0"
"MULTILINESTRING ((-73.78586241723038 40.64821298400236, -73.78539680224709 40.64837644667091))","JFK AirTrain","http://www.panynj.gov/Airtrain/","0"
"MULTILINESTRING ((-73.78539680224709 40.64837644667091, -73.78512611673534 40.648436766003556))","JFK AirTrain","http://www.panynj.gov/Airtrain/","0"
"MULTILINESTRING ((-73.78555902852108 40.648267972710755, -73.78510738018335 40.64836865975864))","JFK AirTrain","http://www.panynj.gov/Airtrain/","0"
"MULTILINESTRING ((-73.78512611673534 40.648436766003556, -73.78459558640456 40.64848037633988))","JFK AirTrain","http://www.panynj.gov/Airtrain/","0"
"MULTILINESTRING ((-73.78510738018335 40.64836865975864, -73.78462301036068 40.64837991341437))","JFK AirTrain","http://www.panynj.gov/Airtrain/","0"
"MULTILINESTRING ((-73.78555384698966 40.64204277415434, -73.78569633295479 40.64191620228952))","JFK AirTrain","http://www.panynj.gov/Airtrain/","0"
"MULTILINESTRING ((-73.78561005682765 40.64208835977516, -73.7857750356708 40.641981510632235))","JFK AirTrain","http://www.panynj.gov/Airtrain/","0"
"MULTILINESTRING ((-73.78569633295479 40.64191620228952, -73.78586673199854 40.641838321169814))","JFK AirTrain","http://www.panynj.gov/Airtrain/","0"
"MULTILINESTRING ((-73.78586673199854 40.641838321169814, -73.78598810283148 40.64180102509981))","JFK AirTrain","http://www.panynj.gov/Airtrain/","0"
"MULTILINESTRING ((-73.7857750356708 40.641981510632235, -73.78599365573811 40.64190086359306))","JFK AirTrain","http://www.panynj.gov/Airtrain/","0"
"MULTILINESTRING ((-73.78616534775774 40.641880515123766, -73.78630019596288 40.64188809423448))","JFK AirTrain","http://www.panynj.gov/Airtrain/","0"
"MULTILINESTRING ((-73.78617924026886 40.64177297191837, -73.78637900574697 40.64178498151815))","JFK AirTrain","http://www.panynj.gov/Airtrain/","0"
"MULTILINESTRING ((-73.78598810283148 40.64180102509981, -73.78617924026886 40.64177297191837))","JFK AirTrain","http://www.panynj.gov/Airtrain/","0"
"MULTILINESTRING ((-73.78599365573811 40.64190086359306, -73.78616534775774 40.641880515123766))","JFK AirTrain","http://www.panynj.gov/Airtrain/","0"
"MULTILINESTRING ((-73.78637900574697 40.64178498151815, -73.78808368022922 40.64213128987609))","JFK AirTrain","http://www.panynj.gov/Airtrain/","0"
"MULTILINESTRING ((-73.78630019596288 40.64188809423448, -73.78803835071164 40.64223309307433))","JFK AirTrain","http://www.panynj.gov/Airtrain/","0"
"MULTILINESTRING ((-73.78803835071164 40.64223309307433, -73.78827706505106 40.64232641615519))","JFK AirTrain","http://www.panynj.gov/Airtrain/","0"
"MULTILINESTRING ((-73.78808368022922 40.64213128987609, -73.7883164310246 40.642218728689514))","JFK AirTrain","http://www.panynj.gov/Airtrain/","0"
"MULTILINESTRING ((-73.78827706505106 40.64232641615519, -73.78844092361027 40.642446830101825))","JFK AirTrain","http://www.panynj.gov/Airtrain/","0"
"MULTILINESTRING ((-73.7883164310246 40.642218728689514, -73.78854196813093 40.64236527566522))","JFK AirTrain","http://www.panynj.gov/Airtrain/","0"
"MULTILINESTRING ((-73.78844092361027 40.642446830101825, -73.7899774333507 40.644460344624164))","JFK AirTrain","http://www.panynj.gov/Airtrain/","0"
"MULTILINESTRING ((-73.78854196813093 40.64236527566522, -73.79017375603172 40.64448117903465))","JFK AirTrain","http://www.panynj.gov/Airtrain/","0"
"MULTILINESTRING ((-73.79017375603172 40.64448117903465, -73.79024526053446 40.64458067112523))","JFK AirTrain","http://www.panynj.gov/Airtrain/","0"
"MULTILINESTRING ((-73.7899774333507 40.644460344624164, -73.79005251353882 40.644568187589925))","JFK AirTrain","http://www.panynj.gov/Airtrain/","0"
"MULTILINESTRING ((-73.79005251353882 40.644568187589925, -73.79013506992976 40.64465965737435))","JFK AirTrain","http://www.panynj.gov/Airtrain/","0"
"MULTILINESTRING ((-73.79024526053446 40.64458067112523, -73.7903298678109 40.64467307744917))","JFK AirTrain","http://www.panynj.gov/Airtrain/","0"
"MULTILINESTRING ((-73.79013506992976 40.64465965737435, -73.79035155323047 40.64484741185143))","JFK AirTrain","http://www.panynj.gov/Airtrain/","0"
"MULTILINESTRING ((-73.79013506992976 40.64465965737435, -73.7902719603377 40.64484465881742))","JFK AirTrain","http://www.panynj.gov/Airtrain/","0"
"MULTILINESTRING ((-73.7903298678109 40.64467307744917, -73.79052970248685 40.64484943756494))","JFK AirTrain","http://www.panynj.gov/Airtrain/","0"
"MULTILINESTRING ((-73.7902719603377 40.64484465881742, -73.79035704289477 40.644969536956914))","JFK AirTrain","http://www.panynj.gov/Airtrain/","0"
"MULTILINESTRING ((-73.79035155323047 40.64484741185143, -73.7905077396605 40.644970031299394))","JFK AirTrain","http://www.panynj.gov/Airtrain/","0"
"MULTILINESTRING ((-73.79052970248685 40.64484943756494, -73.79071969897443 40.644969072742406))","JFK AirTrain","http://www.panynj.gov/Airtrain/","0"
"MULTILINESTRING ((-73.79035704289477 40.644969536956914, -73.79042729674482 40.64511176355394))","JFK AirTrain","http://www.panynj.gov/Airtrain/","0"
"MULTILINESTRING ((-73.7905077396605 40.644970031299394, -73.79079265585622 40.64511141299674))","JFK AirTrain","http://www.panynj.gov/Airtrain/","0"
"MULTILINESTRING ((-73.79071969897443 40.644969072742406, -73.79103834286249 40.64511117348364))","JFK AirTrain","http://www.panynj.gov/Airtrain/","0"
"MULTILINESTRING ((-73.79042729674482 40.64511176355394, -73.79045852604143 40.64519638744804))","JFK AirTrain","http://www.panynj.gov/Airtrain/","0"
"MULTILINESTRING ((-73.79045852604143 40.64519638744804, -73.79048751485946 40.64539741394276))","JFK AirTrain","http://www.panynj.gov/Airtrain/","0"
"MULTILINESTRING ((-73.79048751485946 40.64539741394276, -73.7904504955251 40.64564193508021))","JFK AirTrain","http://www.panynj.gov/Airtrain/","0"
"MULTILINESTRING ((-73.7904504955251 40.64564193508021, -73.7903319629405 40.645875437434114))","JFK AirTrain","http://www.panynj.gov/Airtrain/","0"
"MULTILINESTRING ((-73.7903319629405 40.645875437434114, -73.79012362900619 40.64608577561854))","JFK AirTrain","http://www.panynj.gov/Airtrain/","0"
"MULTILINESTRING ((-73.79012362900619 40.64608577561854, -73.78985451618331 40.64624604600403))","JFK AirTrain","http://www.panynj.gov/Airtrain/","0"
"MULTILINESTRING ((-73.78985451618331 40.64624604600403, -73.78942046896363 40.64643983111781))","JFK AirTrain","http://www.panynj.gov/Airtrain/","0"
"MULTILINESTRING ((-73.79079265585622 40.64511141299674, -73.79100258175217 40.645196636341))","JFK AirTrain","http://www.panynj.gov/Airtrain/","0"
"MULTILINESTRING ((-73.79103834286249 40.64511117348364, -73.79134025421531 40.64520007624518))","JFK AirTrain","http://www.panynj.gov/Airtrain/","0"
"MULTILINESTRING ((-73.79100258175217 40.645196636341, -73.7912812148429 40.645262139247095))","JFK AirTrain","http://www.panynj.gov/Airtrain/","0"
"MULTILINESTRING ((-73.7912812148429 40.645262139247095, -73.791575100158 40.64529072346376))","JFK AirTrain","http://www.panynj.gov/Airtrain/","0"
"MULTILINESTRING ((-73.79134025421531 40.64520007624518, -73.79167884370626 40.64523318897107))","JFK AirTrain","http://www.panynj.gov/Airtrain/","0"
"MULTILINESTRING ((-73.80403198883818 40.66163083302885, -73.80425348401819 40.661678091155586))","JFK AirTrain","http://www.panynj.gov/Airtrain/","0"
"MULTILINESTRING ((-73.80425348401819 40.661678091155586, -73.80442956741115 40.66167498760107))","JFK AirTrain","http://www.panynj.gov/Airtrain/","0"
"MULTILINESTRING ((-73.80424649388628 40.6615544263543, -73.80448525002845 40.661578437704605))","JFK AirTrain","http://www.panynj.gov/Airtrain/","0"
"MULTILINESTRING ((-73.80448525002845 40.661578437704605, -73.80471309582634 40.66154967495826))","JFK AirTrain","http://www.panynj.gov/Airtrain/","0"
"MULTILINESTRING ((-73.80442956741115 40.66167498760107, -73.80462413883453 40.66164839183425))","JFK AirTrain","http://www.panynj.gov/Airtrain/","0"
"MULTILINESTRING ((-73.80462413883453 40.66164839183425, -73.80511767484496 40.66145544644469))","JFK AirTrain","http://www.panynj.gov/Airtrain/","0"
"MULTILINESTRING ((-73.80471309582634 40.66154967495826, -73.80511767484496 40.66145544644469))","JFK AirTrain","http://www.panynj.gov/Airtrain/","0"
"MULTILINESTRING ((-73.80511767484496 40.66145544644469, -73.80538589283454 40.66133834144669))","JFK AirTrain","http://www.panynj.gov/Airtrain/","0"
"MULTILINESTRING ((-73.80538589283454 40.66133834144669, -73.80749969970415 40.660430986829674))","JFK AirTrain","http://www.panynj.gov/Airtrain/","0"
"MULTILINESTRING ((-73.80749969970415 40.660430986829674, -73.80782809784175 40.660365331609036))","JFK AirTrain","http://www.panynj.gov/Airtrain/","0"
"MULTILINESTRING ((-73.80782809784175 40.660365331609036, -73.80809442841021 40.66036305848089))","JFK AirTrain","http://www.panynj.gov/Airtrain/","0"
"MULTILINESTRING ((-73.80809442841021 40.66036305848089, -73.80851715883595 40.66043279401441))","JFK AirTrain","http://www.panynj.gov/Airtrain/","0"
"MULTILINESTRING ((-73.80851715883595 40.66043279401441, -73.81025601387411 40.660754400500245))","JFK AirTrain","http://www.panynj.gov/Airtrain/","0"
"MULTILINESTRING ((-73.81025601387411 40.660754400500245, -73.81036733233928 40.66077379753303, -73.81252206874241 40.66114927521352))","JFK AirTrain","http://www.panynj.gov/Airtrain/","0"
"MULTILINESTRING ((-73.81252206874241 40.66114927521352, -73.81340240692718 40.661416484740315))","JFK AirTrain","http://www.panynj.gov/Airtrain/","0"
"MULTILINESTRING ((-73.81340240692718 40.661416484740315, -73.8142289198228 40.661587147877675))","JFK AirTrain","http://www.panynj.gov/Airtrain/","0"
"MULTILINESTRING ((-73.8142289198228 40.661587147877675, -73.81870340945072 40.66241956154787))","JFK AirTrain","http://www.panynj.gov/Airtrain/","0"
"MULTILINESTRING ((-73.81870340945072 40.66241956154787, -73.81915636592326 40.66243709982234))","JFK AirTrain","http://www.panynj.gov/Airtrain/","0"
"MULTILINESTRING ((-73.81915636592326 40.66243709982234, -73.81942667170242 40.6624068933327))","JFK AirTrain","http://www.panynj.gov/Airtrain/","0"
"MULTILINESTRING ((-73.81942667170242 40.6624068933327, -73.81992941825354 40.662219498351845))","JFK AirTrain","http://www.panynj.gov/Airtrain/","0"
"MULTILINESTRING ((-73.81992941825354 40.662219498351845, -73.8204006468843 40.66199661747962))","JFK AirTrain","http://www.panynj.gov/Airtrain/","0"
"MULTILINESTRING ((-73.8204006468843 40.66199661747962, -73.8208338880212 40.66187893798555))","JFK AirTrain","http://www.panynj.gov/Airtrain/","0"
"MULTILINESTRING ((-73.8208338880212 40.66187893798555, -73.82235120257812 40.66152479864239))","JFK AirTrain","http://www.panynj.gov/Airtrain/","0"
"MULTILINESTRING ((-73.82235120257812 40.66152479864239, -73.82260852138658 40.661496787102195))","JFK AirTrain","http://www.panynj.gov/Airtrain/","0"
"MULTILINESTRING ((-73.82260852138658 40.661496787102195, -73.82366075896617 40.66160136211731))","JFK AirTrain","http://www.panynj.gov/Airtrain/","0"
"MULTILINESTRING ((-73.82366075896617 40.66160136211731, -73.82739573685578 40.66201630177298))","JFK AirTrain","http://www.panynj.gov/Airtrain/","0"
"MULTILINESTRING ((-73.82739573685578 40.66201630177298, -73.82760513558662 40.66200871103823))","JFK AirTrain","http://www.panynj.gov/Airtrain/","0"
"MULTILINESTRING ((-73.82760513558662 40.66200871103823, -73.82780128350308 40.66196827260306))","JFK AirTrain","http://www.panynj.gov/Airtrain/","0"
"MULTILINESTRING ((-73.82780128350308 40.66196827260306, -73.82797306054835 40.661901995747506))","JFK AirTrain","http://www.panynj.gov/Airtrain/","0"
"MULTILINESTRING ((-73.82797306054835 40.661901995747506, -73.830044499716 40.66067458813079, -73.83009305166196 40.66064581175851))","JFK AirTrain","http://www.panynj.gov/Airtrain/","0"
"MULTILINESTRING ((-73.82051803642803 40.66196473234888, -73.82210485753023 40.66162729312849))","JFK AirTrain","http://www.panynj.gov/Airtrain/","0"
"MULTILINESTRING ((-73.82210485753023 40.66162729312849, -73.82236311750952 40.6615981858607))","JFK AirTrain","http://www.panynj.gov/Airtrain/","0"
"MULTILINESTRING ((-73.82236311750952 40.6615981858607, -73.8226166144693 40.66159780800434))","JFK AirTrain","http://www.panynj.gov/Airtrain/","0"
"MULTILINESTRING ((-73.8226166144693 40.66159780800434, -73.82362923973679 40.66170328306572))","JFK AirTrain","http://www.panynj.gov/Airtrain/","0"
"MULTILINESTRING ((-73.82362923973679 40.66170328306572, -73.82740011573442 40.66212099446366))","JFK AirTrain","http://www.panynj.gov/Airtrain/","0"
"MULTILINESTRING ((-73.82740011573442 40.66212099446366, -73.8276277756196 40.66211892064377, -73.82784315525764 40.662070825032856, -73.8280467296948 40.6620019067049))","JFK AirTrain","http://www.panynj.gov/Airtrain/","0"
"MULTILINESTRING ((-73.83019576243808 40.660735718064785, -73.83010909184335 40.66078678004155, -73.8280467296948 40.6620019067049))","JFK AirTrain","http://www.panynj.gov/Airtrain/","0"
"MULTILINESTRING ((-73.78618500327207 40.64802603280728, -73.78601295539269 40.64813028934916))","JFK AirTrain","http://www.panynj.gov/Airtrain/","0"
"MULTILINESTRING ((-73.79680543535638 40.64504451607326, -73.79664110658818 40.645047684504796))","JFK AirTrain","http://www.panynj.gov/Airtrain/","0"
"MULTILINESTRING ((-73.80410224700154 40.6794245586153, -73.80437255635474 40.680008888274166))","JFK AirTrain","http://www.panynj.gov/Airtrain/","0"
"MULTILINESTRING ((-73.8011593382905 40.67189389602274, -73.80117232545506 40.672205039169185))","JFK AirTrain","http://www.panynj.gov/Airtrain/","0"
"MULTILINESTRING ((-73.80117232545506 40.672205039169185, -73.80119460443171 40.67242249231089))","JFK AirTrain","http://www.panynj.gov/Airtrain/","0"
"MULTILINESTRING ((-73.80119460443171 40.67242249231089, -73.80130164414885 40.67312152649218))","JFK AirTrain","http://www.panynj.gov/Airtrain/","0"
"MULTILINESTRING ((-73.80130164414885 40.67312152649218, -73.8014021036549 40.67356133163321))","JFK AirTrain","http://www.panynj.gov/Airtrain/","0"
"MULTILINESTRING ((-73.8014021036549 40.67356133163321, -73.8014283587774 40.67366685905115))","JFK AirTrain","http://www.panynj.gov/Airtrain/","0"
"MULTILINESTRING ((-73.8014283587774 40.67366685905115, -73.80168193190397 40.67438387676329))","JFK AirTrain","http://www.panynj.gov/Airtrain/","0"
"MULTILINESTRING ((-73.80900113567716 40.68907498186608, -73.80861232044624 40.688394784356355))","JFK AirTrain","http://www.panynj.gov/Airtrain/","0"
"MULTILINESTRING ((-73.81202952457107 40.694447651585655, -73.81209134294431 40.694559628891255))","JFK AirTrain","http://www.panynj.gov/Airtrain/","0"
